ID,KF2_022,KF2_023,KF2_024,KF2_025,KF2_026,KF2_027,KF2_028,KF2_029,KF2_030,KF2_031,KF2_032,KF2_033,KF2_034,KF2_035,KF2_036,KF2_037,KF2_038,KF2_039,KF2_040,KF2_041,KF2_042,KF2_043,KF2_044,KF2_045,KF2_046,KF2_047,KF2_048,KF2_049,KF2_050,KF2_051,KF2_052,KF2_053,KF2_054,KF2_055,KF2_056,KF2_057,KF2_058,KF2_059,KF2_060,KF2_061,KF2_062,KF2_063,KF2_064,KF2_065,KF2_066,KF2_067,KF2_068,KF2_069,KF2_070,KF2_071,KF2_072,KF2_073,KF2_074,KF2_075,KF2_076,KF2_077,KF2_078,KF2_079,KF2_080,KF2_081,KF2_082,KF2_083,KF2_084,KF2_085,KF2_086,KF2_087,KF2_088,KF2_089,KF2_090,KF2_091,KF2_092,KF2_093,KF2_094,KF2_095,KF2_096,KF2_097,KF2_098,KF2_099,KF2_100,KF2_101,KF2_102,KF2_103,KF2_104,KF2_105,KF2_106,KF2_107,KF2_108,KF2_109,KF2_110,KF2_111,KF2_112,KF2_113,KF2_114,KF2_115,KF2_116,KF2_117,KF2_118,KF2_119,KF2_120,KF2_121,KF2_122,KF2_123,KF2_124,KF2_125,KF2_126,KF2_127,KF2_128,KF2_129,KF2_130,KF2_131,KF2_132,KF2_133,KF2_134,KF2_135,KF2_136,KF2_137,KF2_138,KF2_139,KF2_140,KF2_141,KF2_142,KF2_143,KF2_144,KF2_145,KF2_146,KF2_147,KF2_148,KF2_149,KF2_150,KF2_151,KF2_152,KF2_153,KF2_154,KF2_155,KF2_156,KF2_157,KF2_158,KF2_159,KF2_160,KF2_161,KF2_162,KF2_163,KF2_164,KF2_165,KF2_166,KF2_167,KF2_168,KF2_169,KF2_170,KF2_171,KF2_172,KF2_173,KF2_174,KF2_175,KF2_176,KF2_177,KF2_178,KF2_179,KF2_180,KF2_181,KF2_182,KF2_183,KF2_184,KF2_185,KF2_186,KF2_187,KF2_188,KF2_189,KF2_190,KF2_191,KF2_192,KF2_193,KF2_194,KF2_195,KF2_196,KF2_197,KF2_198,KF2_199,KF2_200,KF2_201,KF2_202,KF2_203,KF2_204,KF2_205,KF2_206,KF2_207,KF2_208,KF2_209,KF2_210,KF2_211,KF2_212,KF2_213,KF2_214,KF2_215,KF2_216,KF2_217,KF2_218,KF2_219,KF2_220,KF2_221,KF2_222,KF2_223,KF2_224,KF2_225,KF2_226,KF2_227,KF2_228,KF2_229,KF2_230,KF2_231,KF2_232,KF2_233,KF2_234,KF2_235,KF2_236,KF2_237,KF2_238,KF2_239,KF2_240,KF2_241,KF2_242,KF2_243,KF2_244,KF2_245,KF2_246,KF2_247,KF2_248,KF2_249,KF2_250,KF2_251,KF2_252,KF2_253,KF2_254,KF2_255,KF2_256,KF2_257,KF2_258,KF2_259,KF2_260,KF2_261,KF2_262,KF2_263,KF2_264,KF2_265,KF2_266,KF2_267,KF2_268,KF2_269,KF2_270,KF2_271,KF2_272,KF2_273,KF2_274,KF2_275,KF2_276,KF2_277,KF2_278,KF2_279,KF2_280,KF2_281,KF2_282,KF2_283,KF2_284,KF2_285,KF2_286,KF2_287,KF2_288,KF2_289,KF2_290,KF2_291,KF2_292,KF2_293,KF2_294,KF2_295,KF2_296,KF2_297,KF2_298,KF2_299,KF2_300,KF2_301,KF2_302,KF2_303,KF2_304,KF2_305,KF2_306,KF2_307,KF2_308,KF2_309,KF2_310,KF2_311,KF2_312,KF2_313,KF2_314,KF2_315,KF2_316,KF2_317,KF2_318,KF2_319,KF2_320,KF2_321,KF2_322,KF2_323,KF2_324,KF2_325,KF2_326,KF2_327,KF2_328,KF2_329,KF2_330,KF2_331,KF2_332,KF2_333,KF2_334,KF2_335,KF2_336,KF2_337,KF2_338,KF2_339,KF2_340,KF2_341,KF2_342,KF2_343,KF2_344,KF2_345,KF2_346,KF2_347,KF2_348,KF2_349,KF2_350,KF2_351,KF2_352,KF2_353,KF2_354,KF2_355,KF2_356,KF2_357,KF2_358,KF2_359,KF2_360,KF2_361,KF2_362,KF2_363,KF2_364,KF2_365,KF2_366,KF2_367,KF2_368,KF2_369,KF2_370,KF2_371,KF2_372,KF2_373,KF2_374,KF2_375,KF2_376,KF2_377,KF2_378,KF2_379,KF2_380,KF2_381,KF2_382,KF2_383,KF2_384,KF2_385,KF2_386,KF2_387,KF2_388,KF2_389,KF2_390,KF2_391,KF2_392,KF2_393,KF2_394,KF2_395,KF2_396,KF2_397,KF2_398,KF2_399,KF2_400,KF2_401,KF2_402,KF2_403,KF2_404,KF2_405,KF2_406,KF2_407,KF2_408,KF2_409,KF2_410,KF2_411,KF2_412,KF2_413,KF2_414,KF2_415,KF2_416,KF2_417,KF2_418,KF2_419,KF2_420,KF2_421,KF2_422,KF2_423,KF2_424,KF2_425,KF2_426,KF2_427,KF2_428,KF2_429,KF2_430,KF2_431,KF2_432,KF2_433,KF2_434,KF2_435,KF2_436,KF2_437,KF2_438,KF2_439,KF2_440,KF2_441,KF2_442,KF2_443,KF2_444,KF2_445,KF2_446,KF2_447,KF2_448,KF2_449,KF2_450,KF2_451,KF2_452,KF2_453,KF2_454,KF2_455,KF2_456,KF2_457,KF2_458,KF2_459,KF2_460,KF2_461,KF2_462,KF2_463,KF2_464,KF2_465,KF2_466,KF2_467,KF2_468,KF2_469,KF2_470,KF2_471,KF2_472,KF2_473,KF2_474,KF2_475,KF2_476,KF2_477,KF2_478,KF2_479,KF2_480,KF2_481,KF2_482,KF2_483,KF2_484,KF2_485,KF2_486,KF2_487,KF2_488,KF2_489,KF2_490,KF2_491,KF2_492,KF2_493,KF2_494,KF2_495,KF2_496,KF2_497,KF2_498,KF2_499,KF2_500,KF2_501,KF2_502,KF2_503,KF2_504,KF2_505,KF2_506,KF2_507,KF2_508,KF2_509,KF2_510,KF2_511,KF2_512,KF2_513,KF2_514,KF2_515,KF2_516,KF2_517,KF2_518,KF2_519,KF2_520,KF2_521,KF2_522,KF2_523,KF2_524,KF2_525,KF2_526,KF2_527
Generation,F2,F2,F2,F2,F2,F2,F2,F2,F2,F2,F2,F2,F2,F2,F2,F2,F2,F2,F2,F2,F2,F2,F2,F2,F2,F2,F2,F2,F2,F2,F2,F2,F2,F2,F2,F2,F2,F2,F2,F2,F2,F2,F2,F2,F2,F2,F2,F2,F2,F2,F2,F2,F2,F2,F2,F2,F2,F2,F2,F2,F2,F2,F2,F2,F2,F2,F2,F2,F2,F2,F2,F2,F2,F2,F2,F2,F2,F2,F2,F2,F2,F2,F2,F2,F2,F2,F2,F2,F2,F2,F2,F2,F2,F2,F2,F2,F2,F2,F2,F2,F2,F2,F2,F2,F2,F2,F2,F2,F2,F2,F2,F2,F2,F2,F2,F2,F2,F2,F2,F2,F2,F2,F2,F2,F2,F2,F2,F2,F2,F2,F2,F2,F2,F2,F2,F2,F2,F2,F2,F2,F2,F2,F2,F2,F2,F2,F2,F2,F2,F2,F2,F2,F2,F2,F2,F2,F2,F2,F2,F2,F2,F2,F2,F2,F2,F2,F2,F2,F2,F2,F2,F2,F2,F2,F2,F2,F2,F2,F2,F2,F2,F2,F2,F2,F2,F2,F2,F2,F2,F2,F2,F2,F2,F2,F2,F2,F2,F2,F2,F2,F2,F2,F2,F2,F2,F2,F2,F2,F2,F2,F2,F2,F2,F2,F2,F2,F2,F2,F2,F2,F2,F2,F2,F2,F2,F2,F2,F2,F2,F2,F2,F2,F2,F2,F2,F2,F2,F2,F2,F2,F2,F2,F2,F2,F2,F2,F2,F2,F2,F2,F2,F2,F2,F2,F2,F2,F2,F2,F2,F2,F2,F2,F2,F2,F2,F2,F2,F2,F2,F2,F2,F2,F2,F2,F2,F2,F2,F2,F2,F2,F2,F2,F2,F2,F2,F2,F2,F2,F2,F2,F2,F2,F2,F2,F2,F2,F2,F2,F2,F2,F2,F2,F2,F2,F2,F2,F2,F2,F2,F2,F2,F2,F2,F2,F2,F2,F2,F2,F2,F2,F2,F2,F2,F2,F2,F2,F2,F2,F2,F2,F2,F2,F2,F2,F2,F2,F2,F2,F2,F2,F2,F2,F2,F2,F2,F2,F2,F2,F2,F2,F2,F2,F2,F2,F2,F2,F2,F2,F2,F2,F2,F2,F2,F2,F2,F2,F2,F2,F2,F2,F2,F2,F2,F2,F2,F2,F2,F2,F2,F2,F2,F2,F2,F2,F2,F2,F2,F2,F2,F2,F2,F2,F2,F2,F2,F2,F2,F2,F2,F2,F2,F2,F2,F2,F2,F2,F2,F2,F2,F2,F2,F2,F2,F2,F2,F2,F2,F2,F2,F2,F2,F2,F2,F2,F2,F2,F2,F2,F2,F2,F2,F2,F2,F2,F2,F2,F2,F2,F2,F2,F2,F2,F2,F2,F2,F2,F2,F2,F2,F2,F2,F2,F2,F2,F2,F2,F2,F2,F2,F2,F2,F2,F2,F2,F2,F2,F2,F2,F2,F2,F2,F2,F2,F2,F2,F2,F2,F2,F2,F2,F2,F2,F2,F2,F2,F2,F2,F2,F2,F2,F2,F2,F2,F2,F2,F2,F2,F2,F2,F2,F2,F2,F2,F2,F2,F2
SE,x,x,x,x,x,x,x,x,x,x,x,x,x,x,x,x,x,x,x,x,x,x,x,x,x,x,x,x,x,x,x,x,x,x,x,x,x,x,x,x,x,x,x,x,x,x,x,x,x,x,x,x,x,x,x,x,x,x,x,x,x,x,x,x,x,x,x,x,x,x,x,x,x,x,x,x,x,x,x,x,x,x,x,x,x,x,x,x,x,x,x,x,x,x,x,x,x,x,x,x,x,x,x,x,x,x,x,x,x,x,x,x,x,x,x,x,x,x,x,x,x,x,x,x,x,x,x,x,x,x,x,x,x,x,x,x,x,x,x,x,x,x,x,x,x,x,x,x,x,x,x,x,x,x,x,x,x,x,x,x,x,x,x,x,x,x,x,x,x,x,x,x,x,x,x,x,x,x,x,x,x,x,x,x,x,x,x,x,x,x,x,x,x,x,x,x,x,x,x,x,x,x,x,x,x,x,x,x,x,x,x,x,x,x,x,x,x,x,x,x,x,x,x,x,x,x,x,x,x,x,x,x,x,x,x,x,x,x,x,x,x,x,x,x,x,x,x,x,x,x,x,x,x,x,x,x,x,x,x,x,x,x,x,x,x,x,x,x,x,x,x,x,x,x,x,x,x,x,x,x,x,x,x,x,x,x,x,x,x,x,x,x,x,x,x,x,x,x,x,x,x,x,x,x,x,x,x,x,x,x,x,x,x,x,x,x,x,x,x,x,x,x,x,x,x,x,x,x,x,x,x,x,x,x,x,x,x,x,x,x,x,x,x,x,x,x,x,x,x,x,x,x,x,x,x,x,x,x,x,x,x,x,x,x,x,x,x,x,x,x,x,x,x,x,x,x,x,x,x,x,x,x,x,x,x,x,x,x,x,x,x,x,x,x,x,x,x,x,x,x,x,x,x,x,x,x,x,x,x,x,x,x,x,x,x,x,x,x,x,x,x,x,x,x,x,x,x,x,x,x,x,x,x,x,x,x,x,x,x,x,x,x,x,x,x,x,x,x,x,x,x,x,x,x,x,x,x,x,x,x,x,x,x,x,x,x,x,x,x,x,x,x,x,x,x,x,x,x,x,x,x,x,x,x,x,x,x,x,x,x,x,x,x,x,x,x,x,x,x,x,x,x,x,x,x,x
N,x,x,x,x,x,x,x,x,x,x,x,x,x,x,x,x,x,x,x,x,x,x,x,x,x,x,x,x,x,x,x,x,x,x,x,x,x,x,x,x,x,x,x,x,x,x,x,x,x,x,x,x,x,x,x,x,x,x,x,x,x,x,x,x,x,x,x,x,x,x,x,x,x,x,x,x,x,x,x,x,x,x,x,x,x,x,x,x,x,x,x,x,x,x,x,x,x,x,x,x,x,x,x,x,x,x,x,x,x,x,x,x,x,x,x,x,x,x,x,x,x,x,x,x,x,x,x,x,x,x,x,x,x,x,x,x,x,x,x,x,x,x,x,x,x,x,x,x,x,x,x,x,x,x,x,x,x,x,x,x,x,x,x,x,x,x,x,x,x,x,x,x,x,x,x,x,x,x,x,x,x,x,x,x,x,x,x,x,x,x,x,x,x,x,x,x,x,x,x,x,x,x,x,x,x,x,x,x,x,x,x,x,x,x,x,x,x,x,x,x,x,x,x,x,x,x,x,x,x,x,x,x,x,x,x,x,x,x,x,x,x,x,x,x,x,x,x,x,x,x,x,x,x,x,x,x,x,x,x,x,x,x,x,x,x,x,x,x,x,x,x,x,x,x,x,x,x,x,x,x,x,x,x,x,x,x,x,x,x,x,x,x,x,x,x,x,x,x,x,x,x,x,x,x,x,x,x,x,x,x,x,x,x,x,x,x,x,x,x,x,x,x,x,x,x,x,x,x,x,x,x,x,x,x,x,x,x,x,x,x,x,x,x,x,x,x,x,x,x,x,x,x,x,x,x,x,x,x,x,x,x,x,x,x,x,x,x,x,x,x,x,x,x,x,x,x,x,x,x,x,x,x,x,x,x,x,x,x,x,x,x,x,x,x,x,x,x,x,x,x,x,x,x,x,x,x,x,x,x,x,x,x,x,x,x,x,x,x,x,x,x,x,x,x,x,x,x,x,x,x,x,x,x,x,x,x,x,x,x,x,x,x,x,x,x,x,x,x,x,x,x,x,x,x,x,x,x,x,x,x,x,x,x,x,x,x,x,x,x,x,x,x,x,x,x,x,x,x,x,x,x,x,x,x,x,x,x,x,x,x,x,x,x,x,x,x,x,x,x,x,x,x,x,x,x,x
Brain.weight,19.0,12.0,16.0,13.0,21.0,18.0,21.0,9.0,17.0,9.0,18.0,8.0,10.0,14.0,9.0,16.0,8.0,20.0,10.0,14.0,17.0,10.0,15.0,9.0,14.0,10.0,19.0,9.0,13.0,10.0,9.0,16.0,9.0,9.0,13.0,9.0,14.0,9.0,18.0,8.0,17.0,10.0,9.0,14.0,12.0,13.0,11.0,10.0,12.0,10.0,19.0,10.0,9.0,16.0,14.0,13.0,18.0,9.0,15.0,13.0,18.0,16.0,14.0,18.0,15.0,16.0,15.0,12.0,13.0,13.0,9.0,10.0,8.0,12.0,10.0,13.0,13.0,11.0,11.0,11.0,10.0,16.0,21.0,12.0,14.0,8.0,17.0,16.0,16.0,16.0,18.0,17.0,16.0,7.0,15.0,10.0,14.0,9.0,12.0,19.0,11.0,14.0,8.0,11.0,11.0,11.0,12.0,17.0,17.0,15.0,17.0,16.0,18.0,10.0,16.0,12.0,10.0,8.0,10.0,10.0,14.0,15.0,8.0,15.0,9.0,18.0,11.0,16.0,8.0,12.0,11.0,18.0,9.0,18.0,11.0,16.0,13.0,9.0,9.0,12.0,11.0,17.0,12.0,18.0,12.0,13.0,15.0,17.0,16.0,18.0,18.0,14.0,15.0,15.0,16.0,10.0,16.0,16.0,14.0,10.0,11.0,12.0,10.0,12.0,10.0,9.0,8.0,12.0,12.0,11.0,11.0,8.0,10.0,8.0,9.0,12.0,9.0,15.0,17.0,14.0,11.0,10.0,12.0,12.0,10.0,12.0,14.0,14.0,8.0,11.0,18.0,15.0,15.0,14.0,11.0,14.0,13.0,16.0,15.0,16.0,13.0,13.0,16.0,12.0,15.0,14.0,15.0,17.0,14.0,15.0,18.0,18.0,16.0,17.0,12.0,15.0,16.0,14.0,17.0,11.0,18.0,16.0,14.0,12.0,18.0,15.0,18.0,15.0,16.0,11.0,17.0,11.0,16.0,17.0,16.0,18.0,18.0,14.0,15.0,14.0,15.0,15.0,14.0,14.0,12.0,13.0,12.0,13.0,10.0,10.0,9.0,10.0,12.0,9.0,8.0,10.0,16.0,11.0,9.0,13.0,12.0,12.0,10.0,9.0,10.0,11.0,12.0,8.0,10.0,12.0,8.0,12.0,11.0,11.0,12.0,7.0,9.0,10.0,11.0,9.0,12.0,9.0,17.0,11.0,12.0,12.0,12.0,8.0,9.0,12.0,10.0,12.0,11.0,14.0,11.0,11.0,12.0,12.0,10.0,10.0,12.0,11.0,11.0,13.0,11.0,10.0,12.0,12.0,11.0,12.0,16.0,15.0,14.0,13.0,10.0,10.0,17.0,10.0,11.0,9.0,10.0,12.0,15.0,15.0,15.0,14.0,13.0,15.0,17.0,16.0,16.0,12.0,9.0,15.0,14.0,14.0,12.0,12.0,15.0,14.0,18.0,17.0,18.0,16.0,19.0,13.0,13.0,18.0,14.0,10.0,13.0,114.0,12.0,13.0,17.0,10.0,16.0,10.0,11.0,11.0,14.0,11.0,11.0,12.0,11.0,13.0,11.0,14.0,9.0,10.0,10.0,12.0,10.0,12.0,13.0,12.0,11.0,11.0,11.0,12.0,13.0,12.0,14.0,16.0,17.0,17.0,16.0,15.0,16.0,15.0,11.0,16.0,20.0,17.0,9.0,9.0,12.0,9.0,10.0,12.0,12.0,14.0,14.0,12.0,17.0,17.0,10.0,12.0,17.0,12.0,12.0,11.0,14.0,10.0,13.0,9.0,13.0,12.0,13.0,13.0,9.0,11.0,13.0,13.0,11.0,11.0,11.0,11.0,10.0,10.0,9.0,11.0,10.0,12.0,12.0,15.0,11.0,14.0,12.0,10.0,16.0,13.0,12.0,13.0,11.0,11.0,11.0,8.0,10.0,12.0,16.0,12.0,10.0,18.0,17.0,19.0,12.0,13.0,16.0,12.0,13.0,12.0,8.0,11.0,12.0,9.0,11.0,8.0,11.0,11.0,15.0,15.0,11.0,15.0,17.0,14.0,12.0,16.0,15.0,16.0,16.0,17.0,12.0,16.0,14.0,15.0,14.0,16.0,12.0,9.0,12.0,13.0,9.0,9.0,10.0,11.0,12.0,11.0,10.0,14.0,10.0,10.0,13.0,12.0,13.0,10.0
SE,x,x,x,x,x,x,x,x,x,x,x,x,x,x,x,x,x,x,x,x,x,x,x,x,x,x,x,x,x,x,x,x,x,x,x,x,x,x,x,x,x,x,x,x,x,x,x,x,x,x,x,x,x,x,x,x,x,x,x,x,x,x,x,x,x,x,x,x,x,x,x,x,x,x,x,x,x,x,x,x,x,x,x,x,x,x,x,x,x,x,x,x,x,x,x,x,x,x,x,x,x,x,x,x,x,x,x,x,x,x,x,x,x,x,x,x,x,x,x,x,x,x,x,x,x,x,x,x,x,x,x,x,x,x,x,x,x,x,x,x,x,x,x,x,x,x,x,x,x,x,x,x,x,x,x,x,x,x,x,x,x,x,x,x,x,x,x,x,x,x,x,x,x,x,x,x,x,x,x,x,x,x,x,x,x,x,x,x,x,x,x,x,x,x,x,x,x,x,x,x,x,x,x,x,x,x,x,x,x,x,x,x,x,x,x,x,x,x,x,x,x,x,x,x,x,x,x,x,x,x,x,x,x,x,x,x,x,x,x,x,x,x,x,x,x,x,x,x,x,x,x,x,x,x,x,x,x,x,x,x,x,x,x,x,x,x,x,x,x,x,x,x,x,x,x,x,x,x,x,x,x,x,x,x,x,x,x,x,x,x,x,x,x,x,x,x,x,x,x,x,x,x,x,x,x,x,x,x,x,x,x,x,x,x,x,x,x,x,x,x,x,x,x,x,x,x,x,x,x,x,x,x,x,x,x,x,x,x,x,x,x,x,x,x,x,x,x,x,x,x,x,x,x,x,x,x,x,x,x,x,x,x,x,x,x,x,x,x,x,x,x,x,x,x,x,x,x,x,x,x,x,x,x,x,x,x,x,x,x,x,x,x,x,x,x,x,x,x,x,x,x,x,x,x,x,x,x,x,x,x,x,x,x,x,x,x,x,x,x,x,x,x,x,x,x,x,x,x,x,x,x,x,x,x,x,x,x,x,x,x,x,x,x,x,x,x,x,x,x,x,x,x,x,x,x,x,x,x,x,x,x,x,x,x,x,x,x,x,x,x,x,x,x,x,x,x,x,x,x,x,x,x,x,x,x,x,x,x,x,x,x,x,x,x,x,x,x,x,x,x,x,x,x,x,x,x
N,x,x,x,x,x,x,x,x,x,x,x,x,x,x,x,x,x,x,x,x,x,x,x,x,x,x,x,x,x,x,x,x,x,x,x,x,x,x,x,x,x,x,x,x,x,x,x,x,x,x,x,x,x,x,x,x,x,x,x,x,x,x,x,x,x,x,x,x,x,x,x,x,x,x,x,x,x,x,x,x,x,x,x,x,x,x,x,x,x,x,x,x,x,x,x,x,x,x,x,x,x,x,x,x,x,x,x,x,x,x,x,x,x,x,x,x,x,x,x,x,x,x,x,x,x,x,x,x,x,x,x,x,x,x,x,x,x,x,x,x,x,x,x,x,x,x,x,x,x,x,x,x,x,x,x,x,x,x,x,x,x,x,x,x,x,x,x,x,x,x,x,x,x,x,x,x,x,x,x,x,x,x,x,x,x,x,x,x,x,x,x,x,x,x,x,x,x,x,x,x,x,x,x,x,x,x,x,x,x,x,x,x,x,x,x,x,x,x,x,x,x,x,x,x,x,x,x,x,x,x,x,x,x,x,x,x,x,x,x,x,x,x,x,x,x,x,x,x,x,x,x,x,x,x,x,x,x,x,x,x,x,x,x,x,x,x,x,x,x,x,x,x,x,x,x,x,x,x,x,x,x,x,x,x,x,x,x,x,x,x,x,x,x,x,x,x,x,x,x,x,x,x,x,x,x,x,x,x,x,x,x,x,x,x,x,x,x,x,x,x,x,x,x,x,x,x,x,x,x,x,x,x,x,x,x,x,x,x,x,x,x,x,x,x,x,x,x,x,x,x,x,x,x,x,x,x,x,x,x,x,x,x,x,x,x,x,x,x,x,x,x,x,x,x,x,x,x,x,x,x,x,x,x,x,x,x,x,x,x,x,x,x,x,x,x,x,x,x,x,x,x,x,x,x,x,x,x,x,x,x,x,x,x,x,x,x,x,x,x,x,x,x,x,x,x,x,x,x,x,x,x,x,x,x,x,x,x,x,x,x,x,x,x,x,x,x,x,x,x,x,x,x,x,x,x,x,x,x,x,x,x,x,x,x,x,x,x,x,x,x,x,x,x,x,x,x,x,x,x,x,x,x,x,x,x,x,x,x,x,x,x,x,x,x,x,x,x,x,x,x,x,x,x,x,x,x
sex,1.0,0.0,1.0,0.0,1.0,0.0,1.0,0.0,1.0,0.0,1.0,0.0,0.0,1.0,0.0,1.0,0.0,1.0,0.0,1.0,1.0,0.0,1.0,0.0,1.0,0.0,1.0,0.0,1.0,0.0,0.0,1.0,0.0,0.0,1.0,0.0,1.0,0.0,1.0,0.0,1.0,0.0,0.0,1.0,0.0,1.0,0.0,0.0,0.0,0.0,1.0,0.0,0.0,1.0,0.0,0.0,1.0,0.0,1.0,0.0,1.0,1.0,1.0,1.0,1.0,1.0,1.0,1.0,1.0,0.0,0.0,0.0,0.0,0.0,0.0,0.0,0.0,0.0,0.0,0.0,0.0,1.0,1.0,0.0,1.0,1.0,1.0,1.0,1.0,1.0,1.0,1.0,1.0,0.0,1.0,0.0,1.0,0.0,0.0,1.0,0.0,1.0,0.0,0.0,0.0,0.0,1.0,1.0,1.0,1.0,1.0,1.0,1.0,1.0,1.0,0.0,0.0,0.0,0.0,0.0,0.0,1.0,0.0,1.0,0.0,1.0,0.0,1.0,0.0,0.0,0.0,1.0,0.0,1.0,1.0,1.0,1.0,0.0,0.0,1.0,0.0,1.0,0.0,1.0,0.0,1.0,1.0,1.0,1.0,1.0,1.0,1.0,1.0,1.0,1.0,1.0,1.0,1.0,1.0,1.0,0.0,0.0,0.0,0.0,0.0,0.0,0.0,1.0,0.0,0.0,0.0,0.0,0.0,0.0,1.0,0.0,1.0,1.0,1.0,1.0,1.0,0.0,0.0,0.0,0.0,0.0,0.0,0.0,0.0,0.0,1.0,1.0,1.0,1.0,1.0,1.0,1.0,1.0,,1.0,1.0,1.0,1.0,1.0,1.0,1.0,1.0,1.0,1.0,1.0,1.0,1.0,1.0,1.0,1.0,1.0,1.0,1.0,1.0,1.0,1.0,1.0,1.0,1.0,1.0,1.0,1.0,1.0,1.0,1.0,1.0,1.0,1.0,1.0,1.0,1.0,1.0,1.0,1.0,1.0,1.0,1.0,1.0,0.0,0.0,0.0,0.0,0.0,0.0,0.0,0.0,0.0,0.0,0.0,0.0,0.0,0.0,0.0,0.0,0.0,0.0,0.0,0.0,0.0,0.0,0.0,0.0,0.0,0.0,0.0,0.0,0.0,0.0,0.0,0.0,0.0,0.0,0.0,0.0,0.0,0.0,0.0,1.0,0.0,0.0,0.0,0.0,0.0,0.0,0.0,0.0,0.0,0.0,1.0,0.0,0.0,0.0,0.0,0.0,0.0,0.0,0.0,0.0,0.0,0.0,0.0,0.0,0.0,0.0,0.0,1.0,1.0,1.0,1.0,0.0,0.0,1.0,0.0,0.0,0.0,0.0,0.0,1.0,1.0,1.0,1.0,1.0,1.0,1.0,1.0,1.0,1.0,1.0,1.0,1.0,1.0,1.0,1.0,1.0,1.0,1.0,1.0,1.0,1.0,1.0,1.0,1.0,1.0,1.0,1.0,1.0,1.0,1.0,1.0,1.0,1.0,1.0,0.0,0.0,0.0,0.0,0.0,0.0,0.0,0.0,0.0,0.0,0.0,0.0,0.0,0.0,0.0,0.0,0.0,0.0,0.0,0.0,0.0,0.0,0.0,0.0,1.0,1.0,1.0,1.0,1.0,1.0,1.0,1.0,1.0,1.0,1.0,1.0,1.0,0.0,0.0,0.0,0.0,0.0,0.0,0.0,0.0,0.0,1.0,1.0,1.0,1.0,1.0,1.0,1.0,1.0,0.0,0.0,0.0,0.0,0.0,0.0,0.0,0.0,0.0,0.0,0.0,0.0,0.0,0.0,0.0,0.0,0.0,0.0,0.0,0.0,0.0,0.0,0.0,1.0,1.0,1.0,1.0,1.0,1.0,1.0,1.0,1.0,0.0,0.0,0.0,0.0,0.0,0.0,0.0,1.0,1.0,1.0,1.0,1.0,1.0,1.0,1.0,1.0,0.0,0.0,0.0,0.0,0.0,0.0,0.0,0.0,0.0,1.0,1.0,1.0,1.0,1.0,1.0,1.0,1.0,1.0,1.0,1.0,1.0,1.0,1.0,1.0,1.0,1.0,1.0,1.0,1.0,1.0,0.0,0.0,0.0,0.0,0.0,0.0,0.0,0.0,0.0,0.0,0.0,0.0,0.0,0.0,0.0,0.0,0.0
SE,x,x,x,x,x,x,x,x,x,x,x,x,x,x,x,x,x,x,x,x,x,x,x,x,x,x,x,x,x,x,x,x,x,x,x,x,x,x,x,x,x,x,x,x,x,x,x,x,x,x,x,x,x,x,x,x,x,x,x,x,x,x,x,x,x,x,x,x,x,x,x,x,x,x,x,x,x,x,x,x,x,x,x,x,x,x,x,x,x,x,x,x,x,x,x,x,x,x,x,x,x,x,x,x,x,x,x,x,x,x,x,x,x,x,x,x,x,x,x,x,x,x,x,x,x,x,x,x,x,x,x,x,x,x,x,x,x,x,x,x,x,x,x,x,x,x,x,x,x,x,x,x,x,x,x,x,x,x,x,x,x,x,x,x,x,x,x,x,x,x,x,x,x,x,x,x,x,x,x,x,x,x,x,x,x,x,x,x,x,x,x,x,x,x,x,x,x,x,x,x,x,x,x,x,x,x,x,x,x,x,x,x,x,x,x,x,x,x,x,x,x,x,x,x,x,x,x,x,x,x,x,x,x,x,x,x,x,x,x,x,x,x,x,x,x,x,x,x,x,x,x,x,x,x,x,x,x,x,x,x,x,x,x,x,x,x,x,x,x,x,x,x,x,x,x,x,x,x,x,x,x,x,x,x,x,x,x,x,x,x,x,x,x,x,x,x,x,x,x,x,x,x,x,x,x,x,x,x,x,x,x,x,x,x,x,x,x,x,x,x,x,x,x,x,x,x,x,x,x,x,x,x,x,x,x,x,x,x,x,x,x,x,x,x,x,x,x,x,x,x,x,x,x,x,x,x,x,x,x,x,x,x,x,x,x,x,x,x,x,x,x,x,x,x,x,x,x,x,x,x,x,x,x,x,x,x,x,x,x,x,x,x,x,x,x,x,x,x,x,x,x,x,x,x,x,x,x,x,x,x,x,x,x,x,x,x,x,x,x,x,x,x,x,x,x,x,x,x,x,x,x,x,x,x,x,x,x,x,x,x,x,x,x,x,x,x,x,x,x,x,x,x,x,x,x,x,x,x,x,x,x,x,x,x,x,x,x,x,x,x,x,x,x,x,x,x,x,x,x,x,x,x,x,x,x,x,x,x,x,x,x,x,x,x,x,x,x,x,x,x,x,x,x,x,x,x
N,x,x,x,x,x,x,x,x,x,x,x,x,x,x,x,x,x,x,x,x,x,x,x,x,x,x,x,x,x,x,x,x,x,x,x,x,x,x,x,x,x,x,x,x,x,x,x,x,x,x,x,x,x,x,x,x,x,x,x,x,x,x,x,x,x,x,x,x,x,x,x,x,x,x,x,x,x,x,x,x,x,x,x,x,x,x,x,x,x,x,x,x,x,x,x,x,x,x,x,x,x,x,x,x,x,x,x,x,x,x,x,x,x,x,x,x,x,x,x,x,x,x,x,x,x,x,x,x,x,x,x,x,x,x,x,x,x,x,x,x,x,x,x,x,x,x,x,x,x,x,x,x,x,x,x,x,x,x,x,x,x,x,x,x,x,x,x,x,x,x,x,x,x,x,x,x,x,x,x,x,x,x,x,x,x,x,x,x,x,x,x,x,x,x,x,x,x,x,x,x,x,x,x,x,x,x,x,x,x,x,x,x,x,x,x,x,x,x,x,x,x,x,x,x,x,x,x,x,x,x,x,x,x,x,x,x,x,x,x,x,x,x,x,x,x,x,x,x,x,x,x,x,x,x,x,x,x,x,x,x,x,x,x,x,x,x,x,x,x,x,x,x,x,x,x,x,x,x,x,x,x,x,x,x,x,x,x,x,x,x,x,x,x,x,x,x,x,x,x,x,x,x,x,x,x,x,x,x,x,x,x,x,x,x,x,x,x,x,x,x,x,x,x,x,x,x,x,x,x,x,x,x,x,x,x,x,x,x,x,x,x,x,x,x,x,x,x,x,x,x,x,x,x,x,x,x,x,x,x,x,x,x,x,x,x,x,x,x,x,x,x,x,x,x,x,x,x,x,x,x,x,x,x,x,x,x,x,x,x,x,x,x,x,x,x,x,x,x,x,x,x,x,x,x,x,x,x,x,x,x,x,x,x,x,x,x,x,x,x,x,x,x,x,x,x,x,x,x,x,x,x,x,x,x,x,x,x,x,x,x,x,x,x,x,x,x,x,x,x,x,x,x,x,x,x,x,x,x,x,x,x,x,x,x,x,x,x,x,x,x,x,x,x,x,x,x,x,x,x,x,x,x,x,x,x,x,x,x,x,x,x,x,x,x,x,x,x,x,x,x,x,x,x,x,x,x
Fish.length.no.tail,1344.184,913.644,1256.006,954.001,1126.137,,1003.072,739.011,1208.041,782.996,1145.016,720.47,901.275,674.047,727.332,1151.002,697.511,1138.094,629.007,891.001,1052.491,750.52,1065.161,705.139,889.11,773.166,1083.167,638.02,933.002,922.005,783.064,1103.877,734.503,753.843,1143.053,735.003,1197.02,779.479,1161.028,804.329,1120.114,589.612,789.063,820.408,821.584,1141.633,875.057,834.653,770.023,849.001,1077.023,757.503,923.519,1185.355,873.864,883.105,1096.2,853.484,1099.179,714.509,1225.811,1085.478,1086.526,1248.014,1072.855,1068.767,982.879,859.545,1120.792,782.835,725.754,885.026,706.009,792.205,824.147,936.251,838.369,880.641,816.434,724.319,847.029,1063.023,1173.035,898.925,900.136,592.538,1243.13,890.068,915.063,,1276.141,933.681,1154.2,850.501,1163.0,835.022,1074.023,833.502,978.002,1142.02,820.005,1038.029,736.255,851.266,766.0,782.255,889.001,1153.021,1158.839,942.846,970.835,1141.517,1154.203,901.172,1040.868,556.088,771.069,631.367,802.283,731.517,842.0,1140.852,711.025,993.226,734.006,929.009,844.0,1149.375,618.963,750.024,864.947,1177.004,684.337,1164.839,874.621,1054.502,1019.778,734.511,595.521,930.046,823.087,721.019,552.167,1150.512,849.667,750.067,807.002,1065.628,1136.506,1244.658,1131.387,973.147,939.536,1116.793,1089.268,826.167,1071.887,1129.944,1151.483,765.016,751.556,690.393,629.057,674.611,780.76,627.596,507.502,846.598,719.647,558.004,645.578,599.378,593.908,611.282,693.752,694.566,1136.681,887.548,1063.17,922.501,854.189,907.172,949.177,848.501,806.501,796.019,1009.251,915.02,618.96,976.534,1270.715,1085.298,1108.382,651.528,943.076,910.014,838.117,1248.026,734.044,898.606,1014.87,1086.429,1065.927,865.015,992.154,956.026,1156.381,1072.918,929.4,1208.034,1219.883,1046.773,1149.192,1208.398,864.083,993.085,1112.383,997.986,1073.038,990.146,1150.0,979.617,1019.083,899.806,1175.011,1124.134,1120.022,1118.074,1189.183,748.49,1249.501,841.029,1143.011,1139.679,985.901,1242.002,1115.398,1058.957,1142.007,942.559,1056.856,1223.0,967.013,920.035,828.039,848.071,856.258,939.232,783.0,904.268,873.001,881.046,751.024,811.03,723.425,944.002,1166.0,965.002,816.149,974.008,1045.253,984.293,794.051,768.032,878.021,791.0,841.01,839.738,887.002,919.898,590.78,890.001,782.01,1019.332,812.065,702.003,772.065,778.276,739.682,610.0,869.005,768.079,1224.033,823.022,995.025,681.522,912.002,782.001,768.586,812.124,871.416,792.003,744.93,1109.029,794.836,860.009,752.641,888.172,802.173,800.0,886.0,761.095,962.008,998.032,874.037,775.482,838.005,911.97,761.695,,1090.0,1097.0,1121.35,1018.012,841.437,800.01,1388.0,773.749,837.764,750.989,601.24,761.011,859.021,1033.124,1052.012,986.487,977.272,1012.024,1179.913,860.002,1113.0,856.002,746.003,952.034,1165.481,958.169,856.105,985.592,1002.008,1099.011,1169.0,1072.866,1165.527,977.946,1213.962,1107.055,941.678,1250.921,1093.066,838.871,884.466,1061.002,1043.023,964.956,1307.875,945.076,1186.708,886.127,848.891,877.009,976.132,955.013,973.673,826.0,964.042,933.48,676.189,887.613,760.949,747.385,879.932,799.303,787.023,924.009,904.005,1008.024,926.892,947.008,1021.217,902.009,1009.657,984.033,1140.068,1248.529,1069.02,1193.847,1224.0,1011.004,1177.568,1121.029,844.197,954.002,1532.465,1382.013,892.001,800.01,947.956,834.506,836.376,862.009,796.43,907.796,1076.634,920.066,1227.162,1294.618,587.057,968.142,1263.817,1167.043,1007.649,913.9,1193.021,858.002,1025.04,852.0,1156.774,1012.287,1120.648,730.001,1002.957,914.002,980.005,1025.0,814.678,841.002,898.005,872.046,883.743,578.066,892.619,840.002,912.055,996.446,1030.031,1129.16,898.027,1096.96,1055.169,943.034,1113.906,1128.168,871.91,998.128,925.197,812.03,894.001,689.57,944.053,965.328,853.519,850.667,876.0,1264.04,1091.186,1339.172,929.893,1141.044,1066.278,915.05,1032.017,921.001,798.02,871.588,919.028,794.006,878.408,794.655,929.105,652.402,1133.022,1209.0,644.798,1264.228,1041.012,1071.451,877.655,1175.698,949.026,1305.025,1060.004,1290.611,918.054,1209.235,1030.43,1236.041,1161.011,1208.034,1023.031,803.05,996.748,897.009,905.244,771.042,926.002,1067.78,993.001,1035.0,951.851,1085.023,949.152,897.626,827.022,1018.018,,996.134
SE,x,x,x,x,x,x,x,x,x,x,x,x,x,x,x,x,x,x,x,x,x,x,x,x,x,x,x,x,x,x,x,x,x,x,x,x,x,x,x,x,x,x,x,x,x,x,x,x,x,x,x,x,x,x,x,x,x,x,x,x,x,x,x,x,x,x,x,x,x,x,x,x,x,x,x,x,x,x,x,x,x,x,x,x,x,x,x,x,x,x,x,x,x,x,x,x,x,x,x,x,x,x,x,x,x,x,x,x,x,x,x,x,x,x,x,x,x,x,x,x,x,x,x,x,x,x,x,x,x,x,x,x,x,x,x,x,x,x,x,x,x,x,x,x,x,x,x,x,x,x,x,x,x,x,x,x,x,x,x,x,x,x,x,x,x,x,x,x,x,x,x,x,x,x,x,x,x,x,x,x,x,x,x,x,x,x,x,x,x,x,x,x,x,x,x,x,x,x,x,x,x,x,x,x,x,x,x,x,x,x,x,x,x,x,x,x,x,x,x,x,x,x,x,x,x,x,x,x,x,x,x,x,x,x,x,x,x,x,x,x,x,x,x,x,x,x,x,x,x,x,x,x,x,x,x,x,x,x,x,x,x,x,x,x,x,x,x,x,x,x,x,x,x,x,x,x,x,x,x,x,x,x,x,x,x,x,x,x,x,x,x,x,x,x,x,x,x,x,x,x,x,x,x,x,x,x,x,x,x,x,x,x,x,x,x,x,x,x,x,x,x,x,x,x,x,x,x,x,x,x,x,x,x,x,x,x,x,x,x,x,x,x,x,x,x,x,x,x,x,x,x,x,x,x,x,x,x,x,x,x,x,x,x,x,x,x,x,x,x,x,x,x,x,x,x,x,x,x,x,x,x,x,x,x,x,x,x,x,x,x,x,x,x,x,x,x,x,x,x,x,x,x,x,x,x,x,x,x,x,x,x,x,x,x,x,x,x,x,x,x,x,x,x,x,x,x,x,x,x,x,x,x,x,x,x,x,x,x,x,x,x,x,x,x,x,x,x,x,x,x,x,x,x,x,x,x,x,x,x,x,x,x,x,x,x,x,x,x,x,x,x,x,x,x,x,x,x,x,x,x,x,x,x,x,x,x,x,x,x,x,x,x,x,x,x,x,x,x,x,x,x,x,x,x,x,x
N,x,x,x,x,x,x,x,x,x,x,x,x,x,x,x,x,x,x,x,x,x,x,x,x,x,x,x,x,x,x,x,x,x,x,x,x,x,x,x,x,x,x,x,x,x,x,x,x,x,x,x,x,x,x,x,x,x,x,x,x,x,x,x,x,x,x,x,x,x,x,x,x,x,x,x,x,x,x,x,x,x,x,x,x,x,x,x,x,x,x,x,x,x,x,x,x,x,x,x,x,x,x,x,x,x,x,x,x,x,x,x,x,x,x,x,x,x,x,x,x,x,x,x,x,x,x,x,x,x,x,x,x,x,x,x,x,x,x,x,x,x,x,x,x,x,x,x,x,x,x,x,x,x,x,x,x,x,x,x,x,x,x,x,x,x,x,x,x,x,x,x,x,x,x,x,x,x,x,x,x,x,x,x,x,x,x,x,x,x,x,x,x,x,x,x,x,x,x,x,x,x,x,x,x,x,x,x,x,x,x,x,x,x,x,x,x,x,x,x,x,x,x,x,x,x,x,x,x,x,x,x,x,x,x,x,x,x,x,x,x,x,x,x,x,x,x,x,x,x,x,x,x,x,x,x,x,x,x,x,x,x,x,x,x,x,x,x,x,x,x,x,x,x,x,x,x,x,x,x,x,x,x,x,x,x,x,x,x,x,x,x,x,x,x,x,x,x,x,x,x,x,x,x,x,x,x,x,x,x,x,x,x,x,x,x,x,x,x,x,x,x,x,x,x,x,x,x,x,x,x,x,x,x,x,x,x,x,x,x,x,x,x,x,x,x,x,x,x,x,x,x,x,x,x,x,x,x,x,x,x,x,x,x,x,x,x,x,x,x,x,x,x,x,x,x,x,x,x,x,x,x,x,x,x,x,x,x,x,x,x,x,x,x,x,x,x,x,x,x,x,x,x,x,x,x,x,x,x,x,x,x,x,x,x,x,x,x,x,x,x,x,x,x,x,x,x,x,x,x,x,x,x,x,x,x,x,x,x,x,x,x,x,x,x,x,x,x,x,x,x,x,x,x,x,x,x,x,x,x,x,x,x,x,x,x,x,x,x,x,x,x,x,x,x,x,x,x,x,x,x,x,x,x,x,x,x,x,x,x,x,x,x,x,x,x,x,x,x,x,x,x,x,x,x,x,x
Age(days),189.0,189.0,189.0,189.0,189.0,189.0,189.0,183.0,183.0,183.0,183.0,183.0,183.0,183.0,183.0,183.0,183.0,183.0,183.0,183.0,183.0,183.0,183.0,183.0,183.0,183.0,183.0,183.0,183.0,183.0,183.0,183.0,183.0,183.0,185.0,185.0,185.0,185.0,185.0,185.0,185.0,185.0,185.0,185.0,185.0,185.0,185.0,185.0,185.0,185.0,185.0,185.0,185.0,185.0,185.0,185.0,185.0,185.0,185.0,185.0,185.0,183.0,183.0,183.0,183.0,183.0,183.0,183.0,183.0,183.0,183.0,183.0,183.0,183.0,183.0,183.0,183.0,183.0,183.0,183.0,183.0,183.0,183.0,183.0,183.0,183.0,183.0,183.0,183.0,183.0,183.0,183.0,183.0,183.0,183.0,183.0,183.0,183.0,183.0,183.0,183.0,183.0,183.0,183.0,183.0,183.0,183.0,183.0,183.0,183.0,183.0,183.0,183.0,183.0,183.0,183.0,183.0,183.0,183.0,183.0,,,,,,,,,,,,,,,,,,,,,,178.0,178.0,178.0,178.0,178.0,178.0,178.0,178.0,178.0,178.0,178.0,178.0,178.0,178.0,178.0,178.0,178.0,178.0,178.0,183.0,183.0,183.0,183.0,183.0,183.0,183.0,183.0,183.0,183.0,183.0,183.0,183.0,183.0,183.0,183.0,183.0,183.0,183.0,183.0,183.0,185.0,185.0,185.0,185.0,185.0,185.0,185.0,185.0,185.0,185.0,185.0,185.0,185.0,185.0,185.0,185.0,185.0,185.0,185.0,185.0,185.0,185.0,185.0,185.0,185.0,185.0,185.0,185.0,185.0,185.0,185.0,185.0,185.0,185.0,185.0,185.0,185.0,190.0,190.0,190.0,190.0,190.0,190.0,190.0,190.0,190.0,190.0,190.0,190.0,190.0,190.0,190.0,190.0,190.0,190.0,190.0,190.0,190.0,190.0,190.0,190.0,190.0,190.0,190.0,190.0,190.0,190.0,190.0,190.0,190.0,190.0,190.0,190.0,190.0,190.0,190.0,193.0,193.0,193.0,193.0,193.0,193.0,193.0,193.0,193.0,193.0,193.0,193.0,193.0,193.0,193.0,193.0,193.0,193.0,193.0,193.0,193.0,193.0,193.0,193.0,193.0,193.0,193.0,193.0,193.0,193.0,193.0,193.0,193.0,193.0,193.0,193.0,193.0,193.0,193.0,193.0,193.0,193.0,193.0,193.0,178.0,178.0,178.0,178.0,178.0,178.0,178.0,178.0,178.0,178.0,178.0,178.0,178.0,178.0,178.0,178.0,178.0,178.0,178.0,178.0,178.0,178.0,178.0,178.0,178.0,178.0,178.0,178.0,178.0,190.0,190.0,190.0,190.0,190.0,190.0,190.0,190.0,190.0,190.0,190.0,190.0,190.0,190.0,190.0,190.0,190.0,191.0,191.0,191.0,191.0,191.0,191.0,191.0,191.0,191.0,191.0,191.0,191.0,191.0,191.0,191.0,191.0,191.0,191.0,191.0,191.0,191.0,191.0,191.0,191.0,191.0,191.0,191.0,191.0,191.0,191.0,191.0,191.0,191.0,191.0,191.0,191.0,191.0,191.0,191.0,191.0,185.0,185.0,185.0,185.0,185.0,185.0,185.0,185.0,185.0,185.0,185.0,185.0,185.0,185.0,185.0,185.0,176.0,176.0,176.0,176.0,176.0,176.0,176.0,176.0,176.0,176.0,176.0,176.0,176.0,176.0,176.0,176.0,176.0,178.0,178.0,178.0,178.0,178.0,178.0,178.0,178.0,178.0,178.0,178.0,178.0,178.0,178.0,178.0,178.0,178.0,178.0,178.0,178.0,178.0,178.0,178.0,176.0,176.0,176.0,176.0,176.0,176.0,176.0,176.0,176.0,176.0,176.0,176.0,176.0,176.0,176.0,176.0,176.0,176.0,176.0,176.0,176.0,176.0,176.0,176.0,176.0,176.0,176.0,176.0,176.0,176.0,176.0,176.0,176.0,178.0,178.0,178.0,178.0,178.0,178.0,178.0,178.0,178.0,178.0,178.0,178.0,178.0,178.0,178.0,178.0,178.0,178.0,178.0,178.0,178.0,178.0,178.0,178.0,178.0,178.0,178.0,178.0,178.0,178.0
SE,x,x,x,x,x,x,x,x,x,x,x,x,x,x,x,x,x,x,x,x,x,x,x,x,x,x,x,x,x,x,x,x,x,x,x,x,x,x,x,x,x,x,x,x,x,x,x,x,x,x,x,x,x,x,x,x,x,x,x,x,x,x,x,x,x,x,x,x,x,x,x,x,x,x,x,x,x,x,x,x,x,x,x,x,x,x,x,x,x,x,x,x,x,x,x,x,x,x,x,x,x,x,x,x,x,x,x,x,x,x,x,x,x,x,x,x,x,x,x,x,x,x,x,x,x,x,x,x,x,x,x,x,x,x,x,x,x,x,x,x,x,x,x,x,x,x,x,x,x,x,x,x,x,x,x,x,x,x,x,x,x,x,x,x,x,x,x,x,x,x,x,x,x,x,x,x,x,x,x,x,x,x,x,x,x,x,x,x,x,x,x,x,x,x,x,x,x,x,x,x,x,x,x,x,x,x,x,x,x,x,x,x,x,x,x,x,x,x,x,x,x,x,x,x,x,x,x,x,x,x,x,x,x,x,x,x,x,x,x,x,x,x,x,x,x,x,x,x,x,x,x,x,x,x,x,x,x,x,x,x,x,x,x,x,x,x,x,x,x,x,x,x,x,x,x,x,x,x,x,x,x,x,x,x,x,x,x,x,x,x,x,x,x,x,x,x,x,x,x,x,x,x,x,x,x,x,x,x,x,x,x,x,x,x,x,x,x,x,x,x,x,x,x,x,x,x,x,x,x,x,x,x,x,x,x,x,x,x,x,x,x,x,x,x,x,x,x,x,x,x,x,x,x,x,x,x,x,x,x,x,x,x,x,x,x,x,x,x,x,x,x,x,x,x,x,x,x,x,x,x,x,x,x,x,x,x,x,x,x,x,x,x,x,x,x,x,x,x,x,x,x,x,x,x,x,x,x,x,x,x,x,x,x,x,x,x,x,x,x,x,x,x,x,x,x,x,x,x,x,x,x,x,x,x,x,x,x,x,x,x,x,x,x,x,x,x,x,x,x,x,x,x,x,x,x,x,x,x,x,x,x,x,x,x,x,x,x,x,x,x,x,x,x,x,x,x,x,x,x,x,x,x,x,x,x,x,x,x,x,x,x,x,x,x,x,x,x,x,x,x,x,x,x,x,x,x
N,x,x,x,x,x,x,x,x,x,x,x,x,x,x,x,x,x,x,x,x,x,x,x,x,x,x,x,x,x,x,x,x,x,x,x,x,x,x,x,x,x,x,x,x,x,x,x,x,x,x,x,x,x,x,x,x,x,x,x,x,x,x,x,x,x,x,x,x,x,x,x,x,x,x,x,x,x,x,x,x,x,x,x,x,x,x,x,x,x,x,x,x,x,x,x,x,x,x,x,x,x,x,x,x,x,x,x,x,x,x,x,x,x,x,x,x,x,x,x,x,x,x,x,x,x,x,x,x,x,x,x,x,x,x,x,x,x,x,x,x,x,x,x,x,x,x,x,x,x,x,x,x,x,x,x,x,x,x,x,x,x,x,x,x,x,x,x,x,x,x,x,x,x,x,x,x,x,x,x,x,x,x,x,x,x,x,x,x,x,x,x,x,x,x,x,x,x,x,x,x,x,x,x,x,x,x,x,x,x,x,x,x,x,x,x,x,x,x,x,x,x,x,x,x,x,x,x,x,x,x,x,x,x,x,x,x,x,x,x,x,x,x,x,x,x,x,x,x,x,x,x,x,x,x,x,x,x,x,x,x,x,x,x,x,x,x,x,x,x,x,x,x,x,x,x,x,x,x,x,x,x,x,x,x,x,x,x,x,x,x,x,x,x,x,x,x,x,x,x,x,x,x,x,x,x,x,x,x,x,x,x,x,x,x,x,x,x,x,x,x,x,x,x,x,x,x,x,x,x,x,x,x,x,x,x,x,x,x,x,x,x,x,x,x,x,x,x,x,x,x,x,x,x,x,x,x,x,x,x,x,x,x,x,x,x,x,x,x,x,x,x,x,x,x,x,x,x,x,x,x,x,x,x,x,x,x,x,x,x,x,x,x,x,x,x,x,x,x,x,x,x,x,x,x,x,x,x,x,x,x,x,x,x,x,x,x,x,x,x,x,x,x,x,x,x,x,x,x,x,x,x,x,x,x,x,x,x,x,x,x,x,x,x,x,x,x,x,x,x,x,x,x,x,x,x,x,x,x,x,x,x,x,x,x,x,x,x,x,x,x,x,x,x,x,x,x,x,x,x,x,x,x,x,x,x,x,x,x,x,x,x,x,x,x,x,x,x,x,x,x,x,x,x,x,x,x
